100,Fayre,Fitzsimmons,Fayre.Fitzsimmons@coolcompany.com,people management,2378,FEMALE
101,Keil,Aaberg,Keil.Aaberg@coolcompany.com,administration,2717,MALE
102,Xylina,Romelda,Xylina.Romelda@coolcompany.com,finance,2113,FEMALE
103,Margette,Blase,Margette.Blase@coolcompany.com,finance,2920,MALE
104,Brianna,Ferrell,Brianna.Ferrell@coolcompany.com,IT,1701,FEMALE
105,Charls,Garek,Charls.Garek@coolcompany.com,support,1115,MALE
106,Antonietta,Muriel,Antonietta.Muriel@coolcompany.com,support,2362,FEMALE
107,Harry,Gregrory,Harry.Gregrory@coolcompany.com,people management,1638,MALE
108,Myrtice,Roarke,Myrtice.Roarke@coolcompany.com,administration,1983,MALE
109,Pierette,Lory,Pierette.Lory@coolcompany.com,finance,2245,FEMALE
110,Danny,Kinnard,Danny.Kinnard@coolcompany.com,people management,1892,MALE
111,Alameda,Henrie,Alameda.Henrie@coolcompany.com,support,1913,FEMALE
112,Lizzie,Meli,Lizzie.Meli@coolcompany.com,support,2843,FEMALE
113,Devina,Old,Devina.Old@coolcompany.com,people management,1033,FEMALE
114,Sonni,Bord,Sonni.Bord@coolcompany.com,administration,2576,FEMALE
115,Ronald,Ferino,Ronald.Ferino@coolcompany.com,finance,2604,MALE
116,Doro,Riordan,Doro.Riordan@coolcompany.com,administration,2174,MALE
117,Ninnetta,Morgun,Ninnetta.Morgun@coolcompany.com,finance,2450,FEMALE
118,Halette,Jalbert,Halette.Jalbert@coolcompany.com,people management,2614,MALE
119,Petronia,Melony,Petronia.Melony@coolcompany.com,support,1285,FEMALE
120,Markus,Elephus,Markus.Elephus@coolcompany.com,support,1800,MALE
121,Luke,Joeann,Luke.Joeann@coolcompany.com,people management,2418,MALE
122,Paulita,Jalbert,Paulita.Jalbert@coolcompany.com,support,2942,FEMALE
123,Elie,Sholley,Elie.Sholley@coolcompany.com,finance,1247,FEMALE
124,Bernie,Armanda,Bernie.Armanda@coolcompany.com,people management,1570,FEMALE
125,Barry,Israeli,Barry.Israeli@coolcompany.com,support,1086,MALE
126,Jany,Craggie,Jany.Craggie@coolcompany.com,support,2738,MALE
127,Isabella,Earlie,Isabella.Earlie@coolcompany.com,finance,1935,FEMALE
128,Ida,Rocray,Ida.Rocray@coolcompany.com,support,2871,FEMALE
129,Shaun,Oriana,Shaun.Oriana@coolcompany.com,administration,1411,MALE
130,Atlanta,Carolin,Atlanta.Carolin@coolcompany.com,support,1124,FEMALE
131,August,Alrich,August.Alrich@coolcompany.com,finance,2346,MALE
132,Court,Chrystel,Court.Chrystel@coolcompany.com,finance,1986,MALE
133,Calvin,Agle,Calvin.Agle@coolcompany.com,IT,1612,MALE
134,Valera,Couture,Valera.Couture@coolcompany.com,finance,2351,MALE
135,Henrietta,Kevon,Henrietta.Kevon@coolcompany.com,finance,1037,FEMALE
136,Kate,Hebner,Kate.Hebner@coolcompany.com,support,1474,FEMALE
137,Patrick,Wesle,Patrick.Wesle@coolcompany.com,finance,2325,MALE
138,Feliza,Hazlett,Feliza.Hazlett@coolcompany.com,IT,2362,FEMALE
139,Lindie,Voletta,Lindie.Voletta@coolcompany.com,support,2719,FEMALE
140,Vevay,Garek,Vevay.Garek@coolcompany.com,finance,1728,MALE
141,Shaine,Cohdwell,Shaine.Cohdwell@coolcompany.com,people management,1025,FEMALE
142,Jackson,Mullane,Jackson.Mullane@coolcompany.com,IT,2807,MALE
143,Lincoln,Jefferey,Lincoln.Jefferey@coolcompany.com,people management,925,MALE
144,Blake,Paton,Blake.Paton@coolcompany.com,IT,1396,MALE
145,Tyler,Wenda,Tyler.Wenda@coolcompany.com,people management,1890,MALE
146,Kirstin,Freddi,Kirstin.Freddi@coolcompany.com,IT,1138,FEMALE
147,Draco,Tybald,Draco.Tybald@coolcompany.com,finance,2775,MALE
148,Florie,Matthew,Florie.Matthew@coolcompany.com,administration,1694,FEMALE
149,Chester,Lalitta,Chester.Lalitta@coolcompany.com,finance,2886,MALE